Url Name,Project ID,File ID
player-skin-mob,281132,2549655
tinkers-skyblock,278611,2484461
kjlib,286823,2548316
energeticsheep,280602,2534864
yoyos,262692,2536187
giselbaers-durability-viewer,262146,2533615
minecart-ai-fix,264706,2535834
sbm-wooden-shears,250880,2443174
powered-thingies,264283,2556740
ai-improvements,233019,2524666
ex-nihilo-creatio,274456,2557430
magic-feather,284745,2526155
potion-icon-remover,244821,2432934
heartdrops,282116,2563204
birds-nests,250466,2514692
better-records,222722,2523166
blur,268324,2460821
chat-bubbles,235520,2434323
virtual-machines,286269,2542159
rswires,286328,2538046
splashanimation,289953,2540083
the-framework,279748,2550450
bitcoin,284386,2563270
fluid-funnel,290428,2543940
spice-of-life-carrot-edition,277616,2566184
colytra,280200,2512874
exotic-birds,242830,2538927
mtnga,258713,2494331
pams-simple-recipes,221915,2520943
colorfulwater,283346,2532613
rainbow-oak-trees,268439,2460463
cookiecore,222908,2525823
nether-overload,264925,2536586
terraqueous,244870,2554193
end-metals,245445,2541568
pickle-tweaks,238761,2556526
randomtweaks,258205,2565899
void-island-control,257655,2568070
no-recipe-book,284904,2568865
nibbler,281843,2512433
armory-expansion,293602,2569780
never-enough-candy,236865,2495454
roboticparts,283377,2548729
iidy,255725,2513313
totem-essentials,280320,2496189
corpse-complex,271605,2560155
bed-patch,282963,2532665
chat-tweaks,243506,2559823
shootit,261872,2551122
baubley-heart-canisters,282947,2563927
better-agriculture,246006,2553607
global-gamerules,227657,2469945
aether-legacy,255308,2553665
miniheads,272639,2465868
meecreeps,281390,2569386
netherex,248039,2506216
fps-reducer,280294,2561315
vials,269083,2537151
quacklib,276915,2538045
attributefix,280510,2493656
bush-master-core,280412,2556728
dimensional-edibles,280570,2493912
rftools-power,290209,2569391
whoosh,283016,2555656
random-utilities,239464,2454583
magicalwings,276962,2475549
smarthoppers-mod,242112,2556895
features,287736,2538071
constructs-armory,287683,2568792
limelib,250711,2567363
laggoggles,283525,2536205
rewired,285550,2530581
craftstudio-api,268704,2480954
block-drops-jei-addon,244181,2509046
water-control-extreme,277890,2555574
